{
    "$schema": "https://schema.management.azure.com/schemas/2015-01-01/deploymentTemplate.json#",
    "contentVersion": "1.0.0.0",
    "parameters": {
        "vmName": {
            "type": "string"
        },
        "location": {
            "type": "string"
        },
        "storageAccountName": {
            "type": "string",
            "metadata": {
                "description": "The name of the Storage Account. This has to be a unique name across Azure, up to 24 chars long, and all lowercase."
            }
        },
        "adminUsername": {
            "type": "string",
            "metadata": {
                "description": "The user name of the administrator of the new VM. The following names cannot be used: 'admin','administrator'."
            }
        },
        "adminPassword": {
            "type": "securestring",
            "metadata": {
                "description": "The password for the administrator account of the new VM when authenticationType is 'password'."
            }
        },
        "sshPublicKey": {
            "type": "string"
        },
        "sshKeyPath": {
            "type": "string"
        },
        "vmSize": {
            "type": "string"
        },
        "nicName": {
            "type": "string"
        },
        "virtualMachinesApiVersion": {
            "type": "string"
        },
        "vmExtensionsApiVersion": {
            "type": "string"
        }
    },
    "variables": {
        "apiVersion": "2015-06-15",
        "imagePublisher": "Canonical",
        "imageOffer": "UbuntuServer",
        "ubuntuOSVersion": "14.04.2-LTS",
        "vmStorageAccountContainerName": "vhds",
        "OSDiskName": "osdiskforlinuxsimple"
    },
    "resources": [
        {
            "apiVersion": "[variables('apiVersion')]",
            "type": "Microsoft.Compute/virtualMachines",
            "name": "[parameters('vmName')]",
            "location": "[parameters('location')]",
            "properties": {
                "hardwareProfile": {
                    "vmSize": "[parameters('vmSize')]"
                },
                "osProfile":
                {
                    "computerName": "[parameters('vmName')]",
                    "adminUsername": "[parameters('adminUserName')]",
                    "linuxConfiguration":
                    {
                        "disablePasswordAuthentication": "true",
                        "ssh":
                        {
                            "publicKeys":
                            [
                                {
                                    "path": "[parameters('sshKeyPath')]",
                                    "keyData": "[parameters('sshPublicKey')]"
                                }
                            ]
                        }
                    }
                },
                "storageProfile": {
                    "imageReference": {
                        "publisher": "[variables('imagePublisher')]",
                        "offer": "[variables('imageOffer')]",
                        "sku": "[variables('ubuntuOSVersion')]",
                        "version": "latest"
                    },
                    "osDisk": {
                        "name": "osdisk",
                        "vhd": {
                            "uri": "[concat('http://', parameters('storageAccountName'),'.blob.core.windows.net/', variables('vmStorageAccountContainerName'),'/',variables('OSDiskName'),'.vhd')]"
                        },
                        "caching": "ReadWrite",
                        "createOption": "FromImage"
                    }
                },
                "networkProfile": {
                    "networkInterfaces": [
                        {
                            "id": "[resourceId('Microsoft.Network/networkInterfaces',parameters('nicName'))]"
                        }
                    ]
                },
                "diagnosticsProfile": {
                    "bootDiagnostics": {
                        "enabled": "true",
                        "storageUri": "[concat('http://', parameters('storageAccountName'),'.blob.core.windows.net')]"
                    }
                }
            }
        }
    ]
}
