{
  "$schema": "https://schema.management.azure.com/schemas/2015-01-01/deploymentTemplate.json#",
  "contentVersion": "1.0.0.0",
  "parameters": {
    "location": {
      "type": "string"
    },
    "storageAccountName": {
      "type": "string",
      "metadata": {
        "Description": "The name of the new storage account created to store the VMs disks"
      }
    },
    "storageAccountType": {
      "type": "string",
      "metadata": {
        "Description": "The type of the Storage Account created"
      },
      "defaultValue": "Standard_LRS"
    },
    "storageAccountExistingRG" : {
      "type" : "string",
      "defaultValue" : ""
    },
    "storage-api-version": {
      "type" : "string",
      "defaultValue" : ""
    }
  },
  "resources": [],
  "outputs": {
    "storageAccountId": {
      "value": "[resourceId(parameters('storageAccountExistingRG'),'Microsoft.Storage/StorageAccounts',parameters('storageAccountName'))]",
      "type": "string"
    }
  }
}