{
  "$schema": "https://schema.management.azure.com/schemas/2015-01-01/deploymentTemplate.json#",
  "contentVersion": "1.0.0.0",
  "parameters": {
    "location": {
      "type": "string"
    },
    "vmpublicIPAddressName": {
      "type": "string"
    },
	"dnsPrefix": {
      "type": "string"
    },
    "publicIPAddressType": {
      "type": "string"
    }
  },
  "resources": [
    {
      "apiVersion": "2015-06-15",
      "type": "Microsoft.Network/publicIPAddresses",
      "name": "[parameters('vmpublicIPAddressName')]",
      "location": "[parameters('location')]",
      "properties": {
        "publicIPAllocationMethod": "[parameters('publicIPAddressType')]",
		"dnsSettings": {
          "domainNameLabel": "[parameters('dnsPrefix')]"
        }
      }
    }
  ],
  "outputs": {
    "vmPublicIpResourceId": {
      "type": "string",
      "value": "[resourceId('Microsoft.Network/publicIPAddresses',parameters('vmpublicIPAddressName'))]"
    },
	"fqdn": {
      "value": "[reference(resourceId('Microsoft.Network/publicIPAddresses',parameters('vmpublicIPAddressName')),providers('Microsoft.Network', 'publicIPAddresses').apiVersions[0]).dnsSettings.fqdn]",
      "type": "string"
    }
  }
}