{
  "$schema": "https://schema.management.azure.com/schemas/2015-01-01/deploymentTemplate.json#",
  "contentVersion": "1.0.0.0",
  "parameters": {
    "location": {
      "type": "string"
    },
    "storageAccountName": {
      "type": "string",
      "metadata": {
        "Description": "The name of the new storage account created to store the VMs disks"
      }
    },
    "storageAccountType": {
      "type": "string",
      "allowedValues": [
        "Standard_LRS",
        "Standard_GRS",
        "Standard_RAGRS",
        "Standard_ZRS"
      ],
      "metadata": {
        "Description": "The type of the Storage Account created"
      },
      "defaultValue": "Standard_LRS"
    },
    "storageAccountExistingRG" : {
      "type" : "string",
      "defaultValue" : ""
    },
    "storage-api-version": {
      "type" : "string",
      "defaultValue" : ""
    }
  },
  "resources": [
    {
			"type": "Microsoft.Storage/storageAccounts",
			"name": "[parameters('storageAccountName')]",
			"apiVersion": "[parameters('storage-api-version')]",
			"location": "[parameters('location')]",
			"properties": {
				"accountType": "[parameters('storageAccountType')]"
			}
		}
  ],
  "outputs": {
    "storageAccountId": {
      "value": "[resourceId('Microsoft.Storage/storageAccounts',parameters('storageAccountName'))]",
      "type": "string"
    }
  }
}